{
    "avg_prec": {
        "train": 0.9999999999999999,
        "test": 0.7525755824515322
    },
    "roc_auc": {
        "train": 1.0,
        "test": 0.9297373737373738
    }
}
