{
    "avg_prec": {
        "train": 0.9999999999999999,
        "test": 0.7743472729765066
    },
    "roc_auc": {
        "train": 1.0,
        "test": 0.9395555555555556
    }
}
